,date,Sentiment Score,Smoothed Sentiment Score,articles_per_day,smoothed_articles_per_day,Covid Positive Rate,new_deaths_smoothed,weekly_hosp_admissions,new_vaccinations_smoothed,stringency_index
0,2020-04-01,-0.2856,,1447.0,,0.199,804.286,,,72.69
1,2020-04-02,-0.2604,,1488.0,,0.204,966.0,,,72.69
2,2020-04-03,-0.2372,-0.2701,1393.0,1263.3641,0.207,1095.429,,,72.69
3,2020-04-04,-0.3091,-0.2638,915.0,1177.0858,0.209,1225.0,,,72.69
4,2020-04-05,-0.2433,-0.2633,1064.0,1129.2987,0.21,1377.571,,,72.69
5,2020-04-06,-0.256,-0.2632,1072.0,1148.8227,0.211,1528.429,,,72.69
6,2020-04-07,-0.252,-0.2452,1268.0,1238.8254,0.208,1746.571,,,72.69
7,2020-04-08,-0.2243,-0.2376,1438.0,1283.1795,0.206,1820.143,,,72.69
8,2020-04-09,-0.2179,-0.2311,1339.0,1242.834,0.205,1921.143,,,72.69
9,2020-04-10,-0.2358,-0.2276,1253.0,1168.7839,0.205,2033.429,,,72.69
10,2020-04-11,-0.2327,-0.23,855.0,1057.6081,0.2,2102.571,,,72.69
11,2020-04-12,-0.2313,-0.2346,964.0,1029.4464,0.2,2139.714,,,72.69
12,2020-04-13,-0.2402,-0.2285,909.0,1054.6419,0.199,2173.714,,,72.69
13,2020-04-14,-0.2055,-0.2159,1236.0,1146.1074,0.198,2155.857,,,72.69
14,2020-04-15,-0.1825,-0.2057,1329.0,1208.044,0.197,2223.286,,,72.69
15,2020-04-16,-0.2011,-0.2025,1280.0,1187.7387,0.194,2213.429,,,72.69
16,2020-04-17,-0.2269,-0.2142,1238.0,1112.869,0.188,2197.714,,,72.69
17,2020-04-18,-0.2463,-0.2317,798.0,1020.0444,0.188,2174.714,,,72.69
18,2020-04-19,-0.2495,-0.2432,915.0,976.442,0.183,2186.714,,,72.69
19,2020-04-20,-0.2473,-0.2446,904.0,982.6527,0.178,2227.429,,,72.69
20,2020-04-21,-0.2333,-0.2374,1088.0,1068.3532,0.173,2223.143,,,72.69
21,2020-04-22,-0.2178,-0.231,1221.0,1130.6626,0.166,2200.429,,,72.69
22,2020-04-23,-0.229,-0.23,1211.0,1106.7188,0.162,2234.857,,,72.69
23,2020-04-24,-0.2436,-0.2313,1200.0,1058.0402,0.158,2229.143,,,72.69
24,2020-04-25,-0.2322,-0.2265,750.0,977.5651,0.155,2200.0,,,72.69
25,2020-04-26,-0.1946,-0.2187,901.0,938.6817,0.154,2121.143,,,72.69
26,2020-04-27,-0.2074,-0.2037,856.0,933.2401,0.151,2006.857,,,72.69
27,2020-04-28,-0.1819,-0.195,1045.0,1002.0786,0.146,1975.571,,,72.69
28,2020-04-29,-0.1962,-0.1912,1119.0,1036.355,0.143,1962.571,,,72.69
29,2020-04-30,-0.1807,-0.1979,1084.0,1007.6644,0.139,1928.857,,,72.69
30,2020-05-01,-0.2381,-0.2004,1047.0,960.9696,0.136,1902.571,,,72.69
31,2020-05-02,-0.1816,-0.2087,697.0,880.9772,0.132,1903.143,,,72.69
32,2020-05-03,-0.2339,-0.2157,862.0,851.6395,0.128,1872.857,,,72.69
33,2020-05-04,-0.2137,-0.208,734.0,877.8293,0.124,1856.286,,,72.69
34,2020-05-05,-0.194,-0.2118,965.0,954.7324,0.121,1848.714,,,72.69
35,2020-05-06,-0.2104,-0.2051,1154.0,984.2926,0.116,1841.143,,,72.69
36,2020-05-07,-0.2041,-0.2045,1060.0,962.0214,0.112,1800.286,,,72.69
37,2020-05-08,-0.2079,-0.215,956.0,920.2489,0.106,1784.429,,,72.69
38,2020-05-09,-0.2427,-0.2076,617.0,839.0444,0.103,1745.571,,,72.69
39,2020-05-10,-0.1653,-0.2148,835.0,814.012,0.1,1716.714,,,72.69
40,2020-05-11,-0.2493,-0.2161,762.0,832.4832,0.097,1667.571,,,72.69
41,2020-05-12,-0.2122,-0.2004,940.0,904.1255,0.092,1583.714,,,72.69
42,2020-05-13,-0.1577,-0.2084,1006.0,914.3304,0.088,1494.286,,,72.69
43,2020-05-14,-0.2277,-0.1943,976.0,867.0123,0.085,1474.714,,,72.69
44,2020-05-15,-0.1808,-0.1932,849.0,803.1052,0.083,1454.571,,,72.69
45,2020-05-16,-0.2002,-0.2028,515.0,730.6825,0.082,1411.429,,,72.69
46,2020-05-17,-0.2098,-0.1965,679.0,706.0357,0.082,1384.857,,,72.69
47,2020-05-18,-0.1903,-0.193,676.0,720.6491,0.081,1412.857,,,72.69
48,2020-05-19,-0.1678,-0.1835,858.0,782.796,0.08,1389.429,,,72.69
49,2020-05-20,-0.1685,-0.1616,869.0,807.444,0.079,1357.286,,,72.69
50,2020-05-21,-0.1162,-0.1607,817.0,782.3778,0.077,1273.429,,,72.69
51,2020-05-22,-0.2008,-0.1642,791.0,726.5241,0.076,1212.857,,,72.69
52,2020-05-23,-0.1745,-0.1755,551.0,632.9982,0.074,1199.857,,,72.69
53,2020-05-24,-0.2035,-0.2081,604.0,583.3657,0.072,1174.714,,,72.69
54,2020-05-25,-0.2647,-0.2029,399.0,575.906,0.071,1085.857,,,72.69
55,2020-05-26,-0.1514,-0.1919,606.0,615.1095,0.07,975.143,,,72.69
56,2020-05-27,-0.1391,-0.1747,753.0,638.6236,0.068,972.571,,,72.69
57,2020-05-28,-0.1603,-0.1534,730.0,648.8399,0.068,956.0,,,72.69
58,2020-05-29,-0.1647,-0.1603,666.0,655.1098,0.067,942.429,,,72.69
59,2020-05-30,-0.1759,-0.1659,447.0,591.8407,0.066,923.857,,,72.69
60,2020-05-31,-0.1604,-0.1879,701.0,538.9436,0.065,921.571,,,72.69
61,2020-06-01,-0.2618,-0.2076,418.0,514.0736,0.064,945.429,,,72.69
62,2020-06-02,-0.2302,-0.2168,461.0,520.1765,0.063,990.857,,,72.69
63,2020-06-03,-0.1984,-0.2016,543.0,484.2998,0.062,926.286,,,72.69
64,2020-06-04,-0.109,-0.1673,507.0,469.0907,0.061,916.571,,,72.69
65,2020-06-05,-0.1395,-0.1406,478.0,441.4293,0.06,882.429,,,72.69
66,2020-06-06,-0.1249,-0.135,332.0,400.4332,0.059,838.143,,,72.69
67,2020-06-07,-0.1681,-0.1457,346.0,394.2127,0.058,814.857,,,72.69
68,2020-06-08,-0.1497,-0.1474,352.0,404.5103,0.059,777.0,,,72.69
69,2020-06-09,-0.1403,-0.1536,494.0,444.0003,0.058,768.143,,,72.69
70,2020-06-10,-0.161,-0.1542,506.0,480.9546,0.058,747.857,,,72.69
71,2020-06-11,-0.1678,-0.1621,515.0,484.8513,0.057,721.143,,,72.69
72,2020-06-12,-0.1781,-0.1691,523.0,462.1326,0.058,714.429,,,72.69
73,2020-06-13,-0.1676,-0.1897,368.0,442.8956,0.058,724.143,,,72.69
74,2020-06-14,-0.2549,-0.2123,391.0,443.763,0.059,708.143,,,72.69
75,2020-06-15,-0.2493,-0.2244,431.0,469.7783,0.061,693.286,,,68.98
76,2020-06-16,-0.2098,-0.2298,535.0,516.5481,0.063,674.286,,,68.98
77,2020-06-17,-0.2055,-0.2158,636.0,547.1381,0.066,657.571,,,68.98
78,2020-06-18,-0.2034,-0.216,579.0,542.6946,0.069,641.286,,,68.98
79,2020-06-19,-0.252,-0.2272,529.0,514.5063,0.072,613.857,,,68.98
80,2020-06-20,-0.2477,-0.2439,411.0,479.1118,0.074,593.429,,,68.98
81,2020-06-21,-0.2692,-0.2624,421.0,478.5237,0.075,589.286,,,68.98
82,2020-06-22,-0.2829,-0.2727,474.0,518.2869,0.077,586.571,,,68.98
83,2020-06-23,-0.2892,-0.2785,585.0,590.4902,0.078,580.143,,,68.98
84,2020-06-24,-0.2684,-0.2719,717.0,652.1255,0.079,582.0,,,68.98
85,2020-06-25,-0.2431,-0.2721,755.0,657.951,0.08,561.143,,,68.98
86,2020-06-26,-0.2971,-0.2859,707.0,628.7508,0.083,560.857,,,68.98
87,2020-06-27,-0.3439,-0.3089,482.0,576.9976,0.085,551.714,,,68.98
88,2020-06-28,-0.3449,-0.3407,467.0,561.0231,0.086,552.286,,,68.98
89,2020-06-29,-0.3747,-0.3456,494.0,582.9894,0.088,551.143,,,68.98
90,2020-06-30,-0.3108,-0.3349,705.0,653.1047,0.091,525.143,,,68.98
91,2020-07-01,-0.3046,-0.3222,788.0,687.9687,0.094,517.571,,,68.98
92,2020-07-02,-0.3069,-0.3206,803.0,661.4433,0.097,544.857,,,68.98
93,2020-07-03,-0.3685,-0.3299,601.0,616.7658,0.098,552.143,,,68.98
94,2020-07-04,-0.3352,-0.3446,363.0,553.708,0.1,524.714,,,68.98
95,2020-07-05,-0.3638,-0.3593,545.0,526.6962,0.102,524.714,,,68.98
96,2020-07-06,-0.3754,-0.3523,497.0,561.1361,0.104,526.714,,,68.98
97,2020-07-07,-0.3249,-0.3466,658.0,642.7454,0.105,611.714,,,68.98
98,2020-07-08,-0.3201,-0.3352,744.0,686.2343,0.105,631.857,,,68.98
99,2020-07-09,-0.3277,-0.3252,774.0,682.9601,0.105,673.857,,,68.98
100,2020-07-10,-0.3289,-0.327,733.0,655.2087,0.105,691.571,,,68.98
101,2020-07-11,-0.3304,-0.3244,463.0,603.751,0.105,755.143,,,68.98
102,2020-07-12,-0.3073,-0.3298,556.0,582.612,0.104,776.857,,,68.98
103,2020-07-13,-0.3586,-0.3318,513.0,609.5359,0.104,785.571,,,68.98
104,2020-07-14,-0.3302,-0.3282,689.0,678.0501,0.104,749.857,,,68.98
105,2020-07-15,-0.3077,-0.3191,846.0,720.9193,0.103,767.143,,,68.98
106,2020-07-16,-0.2798,-0.3125,783.0,716.9014,0.102,758.143,,,68.98
107,2020-07-17,-0.3428,-0.3168,737.0,679.2303,0.101,774.857,,,68.98
108,2020-07-18,-0.34,-0.3375,486.0,608.4975,0.1,794.429,,,68.98
109,2020-07-19,-0.3851,-0.3482,546.0,564.6059,0.098,795.571,,,68.98
110,2020-07-20,-0.3166,-0.3367,509.0,552.5705,0.098,807.857,,,67.13
111,2020-07-21,-0.2969,-0.3277,574.0,586.3108,0.097,836.714,30552.0,,67.13
112,2020-07-22,-0.3241,-0.3048,656.0,602.5785,0.096,873.714,31352.0,,67.13
113,2020-07-23,-0.2784,-0.3101,651.0,575.9311,0.095,888.286,31679.0,,67.13
114,2020-07-24,-0.346,-0.3299,606.0,555.6502,0.093,912.857,31870.0,,67.13
115,2020-07-25,-0.3814,-0.3342,354.0,523.1944,0.093,924.143,32805.0,,67.13
116,2020-07-26,-0.3143,-0.3286,518.0,522.7603,0.093,932.143,33652.0,,67.13
117,2020-07-27,-0.2617,-0.301,515.0,550.7749,0.091,1014.571,34623.0,,67.13
118,2020-07-28,-0.254,-0.2809,654.0,611.1895,0.09,1031.143,35636.0,,67.13
119,2020-07-29,-0.3068,-0.2814,709.0,637.5661,0.088,1061.429,36272.0,,67.13
120,2020-07-30,-0.3034,-0.2853,649.0,618.1506,0.088,1092.857,36796.0,,67.13
121,2020-07-31,-0.2658,-0.2974,638.0,582.6124,0.086,1104.143,38016.0,,67.13
122,2020-08-01,-0.3206,-0.3036,413.0,528.8707,0.084,1125.143,38568.0,,67.13
123,2020-08-02,-0.3304,-0.3088,509.0,513.1925,0.083,1114.143,38555.0,,67.13
124,2020-08-03,-0.3088,-0.3113,448.0,514.0483,0.082,1036.143,38036.0,,67.13
125,2020-08-04,-0.2805,-0.3005,589.0,552.8503,0.081,1042.286,37001.0,,67.13
126,2020-08-05,-0.2854,-0.2867,615.0,571.8618,0.079,1039.857,36588.0,,67.13
127,2020-08-06,-0.2741,-0.2649,602.0,565.5496,0.076,1024.286,36112.0,,67.13
128,2020-08-07,-0.2112,-0.2426,586.0,542.8227,0.075,1041.286,34744.0,,67.13
129,2020-08-08,-0.1998,-0.2312,414.0,505.3487,0.073,1037.571,33365.0,,67.13
130,2020-08-09,-0.2546,-0.2322,499.0,496.3229,0.073,1053.429,33011.0,,67.13
131,2020-08-10,-0.266,-0.2434,435.0,511.5623,0.071,1048.0,32635.0,,67.13
132,2020-08-11,-0.2435,-0.2487,573.0,551.151,0.07,1022.286,32367.0,,67.13
133,2020-08-12,-0.2271,-0.2546,647.0,557.73,0.068,1035.571,31980.0,,67.13
134,2020-08-13,-0.2926,-0.244,600.0,542.0072,0.067,1014.143,31663.0,,67.13
135,2020-08-14,-0.2037,-0.2317,501.0,500.4524,0.065,1016.143,31570.0,,67.13
136,2020-08-15,-0.1942,-0.2162,363.0,450.7429,0.064,1008.571,31655.0,,67.13
137,2020-08-16,-0.1842,-0.1991,398.0,422.6908,0.063,1014.571,31680.0,,67.13
138,2020-08-17,-0.2198,-0.1999,414.0,432.8388,0.063,1007.714,32163.0,,67.13
139,2020-08-18,-0.2002,-0.2125,456.0,461.9907,0.061,1029.714,32112.0,,67.13
140,2020-08-19,-0.2474,-0.2202,540.0,482.1104,0.06,911.857,31929.0,,67.13
141,2020-08-20,-0.2115,-0.2243,498.0,468.0915,0.059,921.286,31756.0,,67.13
142,2020-08-21,-0.235,-0.2378,490.0,448.0859,0.058,891.286,31102.0,,67.13
143,2020-08-22,-0.2657,-0.2409,332.0,412.4985,0.057,879.857,30882.0,,67.13
144,2020-08-23,-0.246,-0.2422,382.0,405.0093,0.057,864.429,30413.0,,67.13
145,2020-08-24,-0.2142,-0.2424,372.0,415.5373,0.056,858.143,29605.0,,67.13
146,2020-08-25,-0.2506,-0.2278,474.0,447.5492,0.056,856.857,29228.0,,67.13
147,2020-08-26,-0.1978,-0.2177,524.0,468.8943,0.056,924.714,29374.0,,67.13
148,2020-08-27,-0.2042,-0.2175,479.0,461.2084,0.056,925.714,29131.0,,67.13
149,2020-08-28,-0.2264,-0.212,479.0,432.6954,0.056,901.429,29624.0,,67.13
150,2020-08-29,-0.2177,-0.2222,331.0,393.5682,0.055,902.143,29715.0,,67.13
151,2020-08-30,-0.2404,-0.2476,349.0,381.9214,0.055,892.714,29926.0,,67.13
152,2020-08-31,-0.3165,-0.247,338.0,394.692,0.055,899.571,30061.0,,67.13
153,2020-09-01,-0.1956,-0.2342,438.0,434.5984,0.055,877.714,29816.0,,67.13
154,2020-09-02,-0.1718,-0.2251,532.0,464.9722,0.054,862.714,29474.0,,67.13
155,2020-09-03,-0.2399,-0.2078,515.0,458.673,0.054,850.286,29144.0,,67.13
156,2020-09-04,-0.2251,-0.2196,481.0,439.0536,0.053,854.143,28543.0,,67.13
157,2020-09-05,-0.2344,-0.2393,296.0,376.2835,0.052,830.143,27700.0,,67.13
158,2020-09-06,-0.2633,-0.2213,373.0,348.0381,0.052,829.286,27097.0,,67.13
159,2020-09-07,-0.1466,-0.2227,218.0,357.7001,0.052,806.714,26611.0,,67.13
160,2020-09-08,-0.2565,-0.2209,399.0,402.9896,0.051,721.857,26156.0,,67.13
161,2020-09-09,-0.2284,-0.2314,527.0,437.3108,0.05,728.571,26623.0,,67.13
162,2020-09-10,-0.2878,-0.2685,510.0,459.5676,0.049,712.429,27276.0,,67.13
163,2020-09-11,-0.3073,-0.3003,504.0,450.2939,0.047,739.571,27677.0,,67.13
164,2020-09-12,-0.3792,-0.3444,325.0,410.745,0.047,731.714,27962.0,,62.5
165,2020-09-13,-0.4039,-0.3518,384.0,391.8979,0.047,725.857,28404.0,,62.5
166,2020-09-14,-0.294,-0.339,340.0,402.6032,0.046,739.857,28028.0,,62.5
167,2020-09-15,-0.2732,-0.3007,430.0,446.2304,0.046,842.429,28251.0,,62.5
168,2020-09-16,-0.2414,-0.2685,548.0,472.2744,0.046,818.429,27183.0,,62.5
169,2020-09-17,-0.2717,-0.273,534.0,465.929,0.046,809.857,26251.0,,62.5
170,2020-09-18,-0.315,-0.2892,487.0,438.8321,0.046,783.571,25314.0,,62.5
171,2020-09-19,-0.3265,-0.302,295.0,385.6386,0.045,773.143,24697.0,,62.5
172,2020-09-20,-0.2842,-0.3042,327.0,361.2684,0.045,754.714,24016.0,,62.5
173,2020-09-21,-0.2905,-0.3026,300.0,370.2642,0.046,753.143,24189.0,,62.5
174,2020-09-22,-0.3177,-0.297,429.0,399.4542,0.046,728.714,24046.0,,62.5
175,2020-09-23,-0.2915,-0.2868,515.0,425.6219,0.046,745.571,24259.0,,62.5
176,2020-09-24,-0.2373,-0.2646,416.0,419.6669,0.046,751.429,24267.0,,62.5
177,2020-09-25,-0.2118,-0.2445,447.0,390.2025,0.046,745.286,24380.0,,62.5
178,2020-09-26,-0.2487,-0.2356,270.0,340.5025,0.047,759.143,24655.0,,62.5
179,2020-09-27,-0.2475,-0.2369,306.0,333.7247,0.047,764.714,24876.0,,62.5
180,2020-09-28,-0.2333,-0.251,268.0,345.3905,0.048,754.714,25357.0,,62.5
181,2020-09-29,-0.2807,-0.2545,408.0,392.2256,0.048,736.714,25712.0,,62.5
182,2020-09-30,-0.2549,-0.2596,490.0,475.232,0.048,715.571,26015.0,,62.5
183,2020-10-01,-0.2649,-0.2852,490.0,536.4756,0.048,716.429,26472.0,,62.5
184,2020-10-02,-0.3547,-0.3198,726.0,564.1923,0.049,705.286,26721.0,,62.5
185,2020-10-03,-0.4101,-0.3562,554.0,581.0743,0.048,692.429,27242.0,,62.5
186,2020-10-04,-0.3802,-0.3727,536.0,616.4936,0.048,701.714,27604.0,,62.5
187,2020-10-05,-0.3331,-0.3723,588.0,623.7479,0.048,721.0,28491.0,,62.5
188,2020-10-06,-0.3747,-0.3487,715.0,655.9101,0.048,691.429,29767.0,,62.5
189,2020-10-07,-0.3036,-0.3342,734.0,669.4146,0.048,691.857,30588.0,,62.5
190,2020-10-08,-0.3227,-0.3437,690.0,629.8041,0.048,702.857,31383.0,,62.5
191,2020-10-09,-0.391,-0.3451,592.0,554.0997,0.049,720.714,32249.0,,62.5
192,2020-10-10,-0.3566,-0.3499,391.0,477.188,0.049,717.429,32787.0,,62.5
193,2020-10-11,-0.3157,-0.3527,359.0,443.0917,0.05,730.857,33668.0,,62.5
194,2020-10-12,-0.3568,-0.3332,376.0,450.072,0.052,719.429,33744.0,,62.5
195,2020-10-13,-0.3019,-0.3091,540.0,492.8978,0.053,727.0,33798.0,,66.2
196,2020-10-14,-0.2506,-0.3107,603.0,538.0766,0.055,738.714,34343.0,,66.2
197,2020-10-15,-0.3533,-0.3082,576.0,537.895,0.057,719.429,34788.0,,66.2
198,2020-10-16,-0.3305,-0.3249,572.0,497.0249,0.058,715.286,35605.0,,66.2
199,2020-10-17,-0.3554,-0.3441,371.0,446.0572,0.058,735.429,36373.0,,66.2
200,2020-10-18,-0.338,-0.3414,353.0,423.1281,0.059,738.143,37001.0,,66.2
201,2020-10-19,-0.3385,-0.3456,371.0,421.1483,0.059,754.714,37562.0,,66.2
202,2020-10-20,-0.3549,-0.3287,485.0,455.6176,0.06,784.857,38333.0,,66.2
203,2020-10-21,-0.273,-0.3078,539.0,501.097,0.06,810.143,38978.0,,66.2
204,2020-10-22,-0.2611,-0.2908,523.0,511.5407,0.061,813.429,39858.0,,66.2
205,2020-10-23,-0.2875,-0.2808,577.0,490.5081,0.063,816.857,40415.0,,66.2
206,2020-10-24,-0.3051,-0.3028,414.0,457.746,0.064,842.857,41147.0,,66.2
207,2020-10-25,-0.3614,-0.3449,386.0,450.8633,0.066,838.429,41404.0,,66.2
208,2020-10-26,-0.4321,-0.3748,391.0,458.2697,0.067,844.714,41729.0,,62.5
209,2020-10-27,-0.388,-0.3898,520.0,506.8008,0.068,854.857,42151.0,,62.5
210,2020-10-28,-0.3661,-0.3813,599.0,554.4362,0.069,837.0,43162.0,,62.5
211,2020-10-29,-0.3414,-0.3498,639.0,555.6395,0.071,856.571,44175.0,,62.5
212,2020-10-30,-0.3014,-0.3476,603.0,515.161,0.073,873.0,45475.0,,62.5
213,2020-10-31,-0.3965,-0.3561,380.0,465.5878,0.074,868.286,46111.0,,62.5
214,2020-11-01,-0.3892,-0.3649,335.0,413.1096,0.075,876.429,47038.0,,62.5
215,2020-11-02,-0.3565,-0.3806,391.0,376.7325,0.077,882.429,48327.0,,62.5
216,2020-11-03,-0.3847,-0.3663,386.0,383.3907,0.08,968.571,49620.0,,62.5
217,2020-11-04,-0.3326,-0.345,394.0,413.5858,0.083,979.429,50695.0,,62.5
218,2020-11-05,-0.2985,-0.3344,407.0,406.9448,0.086,1007.286,52001.0,,62.5
219,2020-11-06,-0.3323,-0.3361,501.0,394.8447,0.089,1028.571,53376.0,,62.5
220,2020-11-07,-0.3926,-0.3462,332.0,397.0473,0.091,1055.143,55455.0,,62.5
221,2020-11-08,-0.3523,-0.3331,323.0,435.3717,0.094,1064.714,57418.0,,62.5
222,2020-11-09,-0.2327,-0.3095,433.0,461.4564,0.097,1093.857,59226.0,,65.28
223,2020-11-10,-0.2701,-0.2953,635.0,532.9425,0.1,1067.286,61656.0,,65.28
224,2020-11-11,-0.3511,-0.3131,585.0,618.1184,0.104,1116.714,64014.0,,65.28
225,2020-11-12,-0.3998,-0.3535,672.0,629.1177,0.106,1123.857,66110.0,,65.28
226,2020-11-13,-0.3804,-0.3776,761.0,604.6013,0.108,1124.714,68039.0,,65.28
227,2020-11-14,-0.3721,-0.3825,466.0,591.2814,0.109,1159.286,69818.0,,65.28
228,2020-11-15,-0.3813,-0.3688,513.0,587.1002,0.109,1189.714,71643.0,,65.28
229,2020-11-16,-0.3367,-0.3623,559.0,607.8214,0.108,1200.571,73394.0,,75.46
230,2020-11-17,-0.3608,-0.3468,682.0,681.0093,0.107,1244.143,75256.0,,75.46
231,2020-11-18,-0.3071,-0.3295,835.0,744.9571,0.105,1311.714,76929.0,,75.46
232,2020-11-19,-0.3107,-0.3287,810.0,747.7397,0.104,1422.0,78514.0,,75.46
233,2020-11-20,-0.3474,-0.3281,816.0,716.9248,0.103,1528.571,80285.0,,75.46
234,2020-11-21,-0.3467,-0.3334,552.0,654.8821,0.102,1566.143,81659.0,,75.46
235,2020-11-22,-0.321,-0.3324,560.0,612.5228,0.101,1607.0,82547.0,,75.46
236,2020-11-23,-0.3136,-0.3151,550.0,601.0568,0.1,1644.571,83419.0,,75.46
237,2020-11-24,-0.2777,-0.2964,620.0,593.8162,0.099,1707.429,84716.0,,75.46
238,2020-11-25,-0.2737,-0.2784,740.0,575.1611,0.099,1753.714,85845.0,,75.46
239,2020-11-26,-0.2499,-0.2798,474.0,547.5773,0.099,1664.429,86419.0,,75.46
240,2020-11-27,-0.3281,-0.2869,461.0,505.1787,0.101,1613.857,85020.0,,75.46
241,2020-11-28,-0.2947,-0.289,442.0,455.6395,0.104,1582.0,85975.0,,75.46
242,2020-11-29,-0.2705,-0.2928,437.0,487.4122,0.107,1578.143,87383.0,,75.46
243,2020-11-30,-0.2837,-0.2713,470.0,539.471,0.11,1611.714,88260.0,,75.46
244,2020-12-01,-0.2333,-0.2441,651.0,604.3853,0.113,1665.143,89209.0,,75.46
245,2020-12-02,-0.1808,-0.2303,713.0,664.596,0.118,1739.429,89906.0,,71.76
246,2020-12-03,-0.2367,-0.2057,744.0,664.7364,0.12,1956.714,91091.0,,71.76
247,2020-12-04,-0.1701,-0.2203,721.0,631.7399,0.12,2106.429,94022.0,,71.76
248,2020-12-05,-0.3031,-0.2495,456.0,590.1121,0.12,2248.429,94857.0,,71.76
249,2020-12-06,-0.2954,-0.2645,514.0,570.6713,0.12,2301.286,94880.0,,71.76
250,2020-12-07,-0.2695,-0.2732,539.0,590.1686,0.119,2339.286,95431.0,,71.76
251,2020-12-08,-0.2196,-0.2405,664.0,637.5124,0.119,2345.571,95765.0,,71.76
252,2020-12-09,-0.1751,-0.214,791.0,663.8971,0.118,2370.0,96919.0,,71.76
253,2020-12-10,-0.2012,-0.1978,663.0,653.0938,0.117,2370.429,98268.0,,71.76
254,2020-12-11,-0.2005,-0.1846,631.0,626.1486,0.117,2465.714,99501.0,,71.76
255,2020-12-12,-0.1521,-0.1858,493.0,567.8117,0.118,2480.714,100640.0,,71.76
256,2020-12-13,-0.1947,-0.1677,569.0,563.9906,0.118,2506.143,101588.0,,71.76
257,2020-12-14,-0.1202,-0.113,490.0,578.8381,0.119,2513.857,102441.0,4705.0,71.76
258,2020-12-15,0.0402,-0.0844,662.0,621.8513,0.12,2557.286,103842.0,25992.0,71.76
259,2020-12-16,-0.088,-0.063,689.0,651.2707,0.12,2662.143,104313.0,70431.0,71.76
260,2020-12-17,-0.1061,-0.0803,701.0,648.707,0.12,2734.143,104298.0,121196.0,71.76
261,2020-12-18,-0.1578,-0.1248,694.0,612.6437,0.121,2676.286,104296.0,180754.0,71.76
262,2020-12-19,-0.1433,-0.1589,469.0,574.3944,0.12,2709.286,104393.0,181132.0,71.76
263,2020-12-20,-0.2333,-0.1796,500.0,559.0019,0.119,2723.571,104854.0,170424.0,71.76
264,2020-12-21,-0.1792,-0.1833,526.0,558.8792,0.119,2742.286,105462.0,224792.0,71.76
265,2020-12-22,-0.1642,-0.1779,643.0,582.0302,0.118,2803.286,106042.0,282299.0,71.76
266,2020-12-23,-0.1386,-0.1542,660.0,545.9755,0.117,2750.286,106932.0,341684.0,71.76
267,2020-12-24,-0.1366,-0.1325,562.0,512.5385,0.117,2670.429,107486.0,330735.0,71.76
268,2020-12-25,-0.088,-0.0913,290.0,463.0197,0.119,2466.0,106726.0,272693.0,71.76
269,2020-12-26,0.0099,-0.095,409.0,453.0243,0.122,2348.143,104938.0,266846.0,71.76
270,2020-12-27,-0.1972,-0.1024,429.0,455.7327,0.124,2310.286,106218.0,265404.0,71.76
271,2020-12-28,-0.1393,-0.1353,620.0,520.8297,0.128,2320.571,106870.0,295264.0,71.76
272,2020-12-29,-0.1957,-0.1828,516.0,542.4217,0.134,2355.429,106709.0,334589.0,71.76
273,2020-12-30,-0.2077,-0.2007,623.0,534.3706,0.141,2432.857,107060.0,373183.0,71.76
274,2020-12-31,-0.2595,-0.2367,502.0,472.9677,0.146,2488.714,108010.0,405526.0,71.76
275,2021-01-01,-0.2855,-0.2654,398.0,446.6486,0.149,2589.429,109535.0,421114.0,71.76
276,2021-01-02,-0.3051,-0.287,305.0,404.2736,0.15,2676.286,111290.0,438718.0,71.76
277,2021-01-03,-0.2931,-0.3112,433.0,420.2632,0.15,2675.143,112069.0,444950.0,71.76
278,2021-01-04,-0.3678,-0.3162,404.0,464.3292,0.15,2691.429,112337.0,454594.0,71.76
279,2021-01-05,-0.2906,-0.2968,582.0,503.8469,0.149,2690.714,113831.0,470456.0,71.76
280,2021-01-06,-0.2173,-0.2641,597.0,518.7629,0.147,2693.143,114723.0,496348.0,71.76
281,2021-01-07,-0.1865,-0.2198,485.0,510.343,0.144,2800.0,115042.0,603417.0,71.76
282,2021-01-08,-0.1952,-0.1955,501.0,475.3338,0.14,3078.714,116016.0,763162.0,71.76
283,2021-01-09,-0.1859,-0.195,379.0,440.8877,0.137,3176.143,117659.0,798189.0,71.76
284,2021-01-10,-0.2149,-0.1979,424.0,455.8373,0.135,3271.571,116246.0,814308.0,71.76
285,2021-01-11,-0.1943,-0.1941,423.0,473.7264,0.132,3249.429,115311.0,873237.0,71.76
286,2021-01-12,-0.1753,-0.1911,580.0,514.5648,0.128,3364.0,113848.0,934265.0,71.76
287,2021-01-13,-0.1838,-0.1887,565.0,547.3561,0.124,3380.429,112591.0,977369.0,71.76
288,2021-01-14,-0.2068,-0.1936,572.0,540.1986,0.121,3348.857,111765.0,998371.0,71.76
289,2021-01-15,-0.2077,-0.203,582.0,498.942,0.118,3300.429,111014.0,1001642.0,71.76
290,2021-01-16,-0.2114,-0.2224,382.0,443.4963,0.116,3350.429,109844.0,1021633.0,71.76
291,2021-01-17,-0.2709,-0.2204,381.0,411.4467,0.114,3334.714,108759.0,1029340.0,71.76
292,2021-01-18,-0.1799,-0.2137,302.0,398.0336,0.112,3295.0,107607.0,1003362.0,71.76
293,2021-01-19,-0.1859,-0.1829,443.0,424.992,0.11,3013.571,105522.0,1016351.0,71.76
294,2021-01-20,-0.0949,-0.1477,501.0,468.8633,0.107,3071.714,103149.0,1056665.0,71.76
295,2021-01-21,-0.1341,-0.1409,502.0,494.2008,0.104,3117.857,100800.0,1102225.0,71.76
296,2021-01-22,-0.1637,-0.1304,587.0,493.2534,0.101,3112.429,98762.0,1156159.0,71.76
297,2021-01-23,-0.1186,-0.1404,418.0,488.1959,0.1,3108.429,96475.0,1193039.0,71.76
298,2021-01-24,-0.1447,-0.1452,447.0,512.6259,0.098,3086.429,94446.0,1206644.0,71.76
299,2021-01-25,-0.1616,-0.1349,494.0,535.6093,0.097,3115.286,92172.0,1275971.0,71.76
300,2021-01-26,-0.1042,-0.144,654.0,593.3902,0.095,3340.429,90888.0,1320710.0,71.76
301,2021-01-27,-0.1719,-0.1416,670.0,644.6785,0.093,3293.286,89324.0,1367187.0,71.76
302,2021-01-28,-0.1307,-0.1467,691.0,639.225,0.09,3251.143,87636.0,1413938.0,71.76
303,2021-01-29,-0.1774,-0.1527,698.0,599.0043,0.089,3220.714,84644.0,1453729.0,71.76
304,2021-01-30,-0.1302,-0.1598,454.0,546.7743,0.087,3125.286,82397.0,1469607.0,71.76
305,2021-01-31,-0.2044,-0.1707,467.0,511.3116,0.086,3140.286,80524.0,1477930.0,71.76
306,2021-02-01,-0.1727,-0.1739,434.0,503.5042,0.084,3140.0,79090.0,1481304.0,71.76
307,2021-02-02,-0.1801,-0.1576,539.0,542.8235,0.082,3076.571,76505.0,1486160.0,71.76
308,2021-02-03,-0.0625,-0.1202,641.0,581.586,0.08,3048.143,74574.0,1515881.0,68.06
309,2021-02-04,-0.065,-0.0823,636.0,573.4174,0.077,3059.571,73009.0,1570643.0,68.06
310,2021-02-05,-0.0323,-0.0635,641.0,535.8502,0.075,3073.714,71946.0,1633952.0,68.06
311,2021-02-06,-0.1027,-0.1049,370.0,479.1349,0.073,3055.143,70717.0,1674468.0,68.06
312,2021-02-07,-0.2407,-0.1417,377.0,448.0542,0.073,2988.0,69308.0,1672374.0,68.06
313,2021-02-08,-0.1739,-0.165,388.0,443.3476,0.071,2941.0,67658.0,1698472.0,68.06
314,2021-02-09,-0.1188,-0.1496,507.0,483.3506,0.069,2869.286,66093.0,1738127.0,68.06
315,2021-02-10,-0.067,-0.1092,589.0,521.5844,0.067,2797.286,64192.0,1762281.0,68.06
316,2021-02-11,-0.0865,-0.0821,548.0,518.2522,0.066,2693.857,61890.0,1771728.0,68.06
317,2021-02-12,-0.0592,-0.0743,557.0,478.9797,0.065,2576.571,59678.0,1805105.0,68.06
318,2021-02-13,-0.0856,-0.0887,363.0,411.2316,0.064,2508.714,57416.0,1830035.0,68.06
319,2021-02-14,-0.1329,-0.0994,327.0,385.939,0.062,2464.429,55811.0,1851134.0,68.06
320,2021-02-15,-0.1144,-0.1116,262.0,387.6441,0.061,2392.571,54082.0,1793933.0,68.06
321,2021-02-16,-0.107,-0.1086,462.0,428.1827,0.06,2193.857,51999.0,1743846.0,68.06
322,2021-02-17,-0.0788,-0.0876,553.0,471.9911,0.059,2057.429,50596.0,1695557.0,68.06
323,2021-02-18,-0.0473,-0.0761,536.0,479.0885,0.057,1971.286,49185.0,1617166.0,68.06
324,2021-02-19,-0.0785,-0.0662,517.0,451.9239,0.054,1924.429,47946.0,1528347.0,68.06
325,2021-02-20,-0.0623,-0.0913,293.0,420.8454,0.053,1876.143,47108.0,1504436.0,68.06
326,2021-02-21,-0.1888,-0.1215,358.0,405.3208,0.053,1884.429,46409.0,1505307.0,68.06
327,2021-02-22,-0.1539,-0.1178,426.0,414.2413,0.053,1922.0,46231.0,1545812.0,68.06
328,2021-02-23,-0.0356,-0.0967,461.0,468.757,0.051,2010.143,45979.0,1590892.0,68.06
329,2021-02-24,-0.0095,-0.0407,532.0,500.8337,0.05,2125.857,45300.0,1670420.0,68.06
330,2021-02-25,0.026,0.002,565.0,491.701,0.049,2105.286,44621.0,1824205.0,68.06
331,2021-02-26,0.0235,0.0218,508.0,472.2206,0.049,2050.571,43674.0,1987783.0,68.06
332,2021-02-27,0.0455,0.0157,364.0,444.9231,0.048,1993.429,42526.0,2085770.0,68.06
333,2021-02-28,-0.0429,0.0075,386.0,437.5645,0.047,1975.857,41679.0,2122640.0,68.06
334,2021-03-01,0.0077,0.0184,421.0,456.9742,0.046,1991.143,40540.0,2209952.0,68.06
335,2021-03-02,0.0837,0.0347,538.0,504.4875,0.045,1941.714,39206.0,2285331.0,68.06
336,2021-03-03,0.0841,0.0597,583.0,539.4407,0.044,1842.714,38012.0,2339743.0,68.06
337,2021-03-04,0.0494,0.0602,587.0,530.5778,0.043,1772.857,37175.0,2377754.0,64.35
338,2021-03-05,0.0199,0.0488,549.0,502.5329,0.042,1713.429,36731.0,2394931.0,64.35
339,2021-03-06,0.0498,-0.002,369.0,462.4243,0.042,1714.429,36195.0,2404935.0,64.35
340,2021-03-07,-0.148,-0.0362,422.0,440.2477,0.042,1659.429,35563.0,2415618.0,64.35
341,2021-03-08,-0.0592,-0.0337,400.0,452.4963,0.042,1573.714,35286.0,2428879.0,64.35
342,2021-03-09,0.0622,-0.0163,486.0,494.8594,0.041,1551.857,34961.0,2464538.0,64.35
343,2021-03-10,0.07,0.0383,598.0,526.9732,0.041,1410.857,34737.0,2498523.0,64.35
344,2021-03-11,0.0644,0.0631,569.0,516.4929,0.041,1356.143,34270.0,2534708.0,64.35
345,2021-03-12,0.0533,0.0697,564.0,500.6108,0.042,1314.286,34183.0,2562964.0,64.35
346,2021-03-13,0.0971,0.0386,329.0,454.07,0.042,1235.429,33857.0,2581147.0,64.35
347,2021-03-14,-0.0812,0.0079,446.0,430.301,0.042,1208.857,33645.0,2588613.0,64.35
348,2021-03-15,-0.0379,-0.0034,375.0,421.2714,0.042,1207.143,33531.0,2603904.0,64.35
349,2021-03-16,0.0402,-0.0106,462.0,450.7777,0.043,1134.571,33410.0,2627757.0,64.35
350,2021-03-17,0.03,0.0133,494.0,463.8226,0.043,1085.714,33169.0,2630178.0,64.35
351,2021-03-18,0.0085,0.0363,480.0,455.0165,0.044,1098.429,33154.0,2620897.0,64.35
352,2021-03-19,0.076,0.0386,498.0,435.3532,0.044,1041.429,32830.0,2603582.0,64.35
353,2021-03-20,0.0379,0.0239,320.0,403.3147,0.044,1013.286,32980.0,2598955.0,64.35
354,2021-03-21,-0.0455,0.0285,382.0,391.7769,0.044,1040.714,32999.0,2604655.0,64.35
355,2021-03-22,0.0641,0.0115,344.0,384.6519,0.044,1019.143,33051.0,2615259.0,66.2
356,2021-03-23,-0.0092,0.0061,439.0,420.426,0.045,975.143,33334.0,2638817.0,60.65
357,2021-03-24,0.0028,0.0097,439.0,441.6353,0.046,1013.286,33605.0,2693199.0,60.65
358,2021-03-25,-0.0117,0.0101,504.0,435.4645,0.047,972.429,33950.0,2753362.0,60.65
359,2021-03-26,0.0666,0.0305,472.0,416.1205,0.048,991.429,34228.0,2823359.0,60.65
360,2021-03-27,0.0661,0.0033,299.0,403.6188,0.049,996.286,34415.0,2867968.0,60.65
361,2021-03-28,-0.1438,-0.0078,358.0,406.6827,0.05,958.429,34983.0,2894532.0,60.65
362,2021-03-29,-0.0025,-0.0423,407.0,423.6155,0.051,970.143,35247.0,2962975.0,57.36
363,2021-03-30,-0.0713,-0.0543,529.0,474.5775,0.052,962.571,35409.0,3038773.0,55.5
364,2021-03-31,-0.0097,-0.0343,522.0,498.6204,0.053,906.714,35476.0,3126967.0,55.48
365,2021-04-01,-0.0501,-0.0417,547.0,480.9113,0.053,871.714,35583.0,3232583.0,55.46
366,2021-04-02,-0.0423,-0.0388,468.0,439.6554,0.053,834.0,35764.0,3208252.0,55.45
367,2021-04-03,-0.049,-0.0548,317.0,407.0919,0.054,827.0,36004.0,3183854.0,55.44
368,2021-04-04,-0.0831,-0.0456,340.0,390.3162,0.054,808.571,36123.0,3120173.0,55.43
369,2021-04-05,0.0037,-0.0305,387.0,400.8648,0.054,784.143,36507.0,3157946.0,55.42
370,2021-04-06,0.0118,-0.0173,466.0,433.7977,0.054,775.429,37136.0,3212632.0,55.4
371,2021-04-07,-0.0159,-0.0246,497.0,451.4011,0.055,994.143,37692.0,3239232.0,55.38
372,2021-04-08,-0.1106,-0.0624,468.0,425.3946,0.055,981.714,38058.0,3229206.0,55.36
373,2021-04-09,-0.1342,-0.1097,422.0,389.0912,0.055,983.286,38478.0,3324587.0,55.34
374,2021-04-10,-0.171,-0.1431,251.0,359.2964,0.055,983.857,38792.0,3408092.0,55.33
375,2021-04-11,-0.1512,-0.1243,310.0,359.5728,0.055,980.857,39199.0,3498911.0,55.32
376,2021-04-12,-0.0197,-0.11,370.0,389.0965,0.055,979.143,39432.0,3487936.0,55.31
377,2021-04-13,-0.112,-0.1151,475.0,436.9161,0.055,983.857,39322.0,3418485.0,55.29
378,2021-04-14,-0.2053,-0.1143,543.0,459.3208,0.054,746.0,39340.0,3325769.0,55.28
379,2021-04-15,-0.0951,-0.1258,470.0,440.2226,0.054,731.0,39379.0,3221157.0,55.26
380,2021-04-16,-0.077,-0.1264,413.0,405.5217,0.054,726.286,39587.0,3122061.0,55.24
381,2021-04-17,-0.1513,-0.1009,279.0,355.6121,0.053,719.0,39865.0,3047678.0,55.23
382,2021-04-18,-0.0728,-0.1036,332.0,330.4033,0.052,727.286,39888.0,3009784.0,55.23
383,2021-04-19,-0.1087,-0.0936,297.0,326.9799,0.052,733.429,39866.0,2947902.0,55.22
384,2021-04-20,-0.0432,-0.0779,346.0,353.6636,0.051,729.571,39733.0,2912875.0,55.2
385,2021-04-21,-0.0881,-0.059,384.0,364.5601,0.05,724.0,39552.0,2881438.0,55.18
386,2021-04-22,0.0078,-0.0384,416.0,359.8076,0.049,728.714,39242.0,2845467.0,55.17
387,2021-04-23,-0.0293,-0.0414,369.0,347.5231,0.048,713.429,38542.0,2802257.0,55.15
388,2021-04-24,-0.0734,-0.0564,264.0,330.8146,0.047,719.286,37757.0,2780086.0,55.14
389,2021-04-25,-0.1338,-0.0889,302.0,336.5732,0.046,713.429,37095.0,2759998.0,55.14
390,2021-04-26,-0.1108,-0.0722,318.0,354.1654,0.046,711.286,36496.0,2732859.0,55.12
391,2021-04-27,0.0576,-0.027,455.0,381.3989,0.045,686.857,35991.0,2685362.0,55.11
392,2021-04-28,0.0787,0.0015,432.0,397.3334,0.044,699.143,35405.0,2630239.0,55.09
393,2021-04-29,-0.0573,0.0163,384.0,386.3454,0.043,691.0,34958.0,2566387.0,55.08
394,2021-04-30,-0.0107,-0.026,381.0,353.0145,0.043,696.857,34747.0,2511073.0,55.06
395,2021-05-01,-0.1103,-0.084,273.0,332.6873,0.043,696.714,34220.0,2461112.0,55.05
396,2021-05-02,-0.1712,-0.0926,297.0,340.5934,0.042,698.714,33735.0,2444923.0,55.05
397,2021-05-03,-0.0506,-0.0729,341.0,373.591,0.042,699.429,33514.0,2383770.0,55.03
398,2021-05-04,0.0623,-0.0298,434.0,421.5738,0.041,729.143,32998.0,2327070.0,55.02
399,2021-05-05,0.0201,0.0116,534.0,448.1823,0.04,704.857,32496.0,2250226.0,55.0
400,2021-05-06,-0.0021,0.0212,493.0,429.5143,0.039,692.286,31872.0,2175034.0,54.99
401,2021-05-07,0.0113,-0.0017,412.0,390.4446,0.038,685.714,31194.0,2117586.0,54.97
402,2021-05-08,-0.0399,-0.0242,243.0,339.6023,0.037,670.0,30794.0,2071673.0,54.96
403,2021-05-09,-0.0715,-0.0308,273.0,316.741,0.036,661.429,30187.0,2033958.0,54.17
404,2021-05-10,-0.0088,-0.0016,300.0,323.0161,0.035,649.429,29502.0,1982820.0,54.17
405,2021-05-11,0.1359,0.044,383.0,364.7622,0.035,621.714,28806.0,1918456.0,56.94
406,2021-05-12,0.1091,0.1162,420.0,403.5739,0.034,614.857,28202.0,1841989.0,56.94
407,2021-05-13,0.2251,0.1498,445.0,405.3585,0.033,607.857,27569.0,1806786.0,56.94
408,2021-05-14,0.1196,0.1564,462.0,387.7691,0.032,589.714,26924.0,1798325.0,56.94
409,2021-05-15,0.1628,0.122,294.0,365.0398,0.031,573.286,26272.0,1842756.0,56.94
410,2021-05-16,-0.0305,0.062,306.0,353.7576,0.031,574.143,25800.0,1888216.0,56.94
411,2021-05-17,-0.0062,0.0332,329.0,351.9191,0.03,574.143,25228.0,1919531.0,56.94
412,2021-05-18,0.0361,0.0204,405.0,377.1559,0.03,588.571,24702.0,1923140.0,56.94
413,2021-05-19,0.0853,0.0541,430.0,384.2866,0.029,572.571,24294.0,1933138.0,56.94
414,2021-05-20,0.0977,0.0663,408.0,373.4007,0.029,563.571,23785.0,1896407.0,56.94
415,2021-05-21,0.0319,0.0717,330.0,345.7928,0.028,559.429,23350.0,1840771.0,56.94
416,2021-05-22,0.076,0.0612,283.0,312.4646,0.027,554.286,23040.0,1783880.0,56.94
417,2021-05-23,0.0433,0.0233,282.0,298.0069,0.027,545.143,22858.0,1744475.0,56.02
418,2021-05-24,-0.0789,0.0236,269.0,311.2113,0.027,550.714,22662.0,1672736.0,56.02
419,2021-05-25,0.0776,0.0275,338.0,329.2366,0.026,530.429,22320.0,1581688.0,56.02
420,2021-05-26,0.0843,0.0295,395.0,346.9089,0.025,577.714,21811.0,1488243.0,56.02
421,2021-05-27,0.0057,0.0649,359.0,339.913,0.025,672.857,21585.0,1392082.0,56.02
422,2021-05-28,0.1033,0.0837,361.0,320.1053,0.024,663.143,21110.0,1287242.0,56.02
423,2021-05-29,0.1582,0.0629,228.0,267.6289,0.024,640.286,20479.0,1189241.0,56.02
424,2021-05-30,-0.0541,0.0533,257.0,239.7758,0.023,632.143,19929.0,1150168.0,56.02
425,2021-05-31,0.0063,0.0455,128.0,233.1848,0.023,595.0,19312.0,989575.0,56.02
426,2021-06-01,0.1109,0.0468,243.0,258.668,0.023,595.429,18348.0,966420.0,56.02
427,2021-06-02,0.1171,0.0934,330.0,283.6402,0.022,534.857,17944.0,921402.0,56.02
428,2021-06-03,0.1277,0.1227,350.0,299.3108,0.021,432.143,17407.0,906938.0,56.02
429,2021-06-04,0.1354,0.1141,351.0,292.9995,0.02,429.714,17004.0,917518.0,56.02
430,2021-06-05,0.0663,0.0848,195.0,261.6485,0.02,466.286,16684.0,961485.0,56.02
431,2021-06-06,0.0009,0.0526,232.0,240.3661,0.019,469.429,16356.0,980400.0,56.02
432,2021-06-07,0.0187,0.0434,186.0,238.2849,0.019,487.857,16073.0,1105150.0,56.02
433,2021-06-08,0.1069,0.0484,258.0,261.4182,0.018,440.286,16128.0,1090774.0,56.02
434,2021-06-09,0.0588,0.0676,331.0,279.7668,0.018,428.0,15698.0,1097617.0,56.02
435,2021-06-10,0.0773,0.0749,302.0,278.5714,0.018,395.429,15412.0,1086580.0,56.02
436,2021-06-11,0.0603,0.0495,309.0,265.8542,0.018,396.714,15195.0,1062037.0,56.02
437,2021-06-12,-0.0095,0.0153,172.0,240.545,0.018,351.571,14948.0,1036496.0,56.02
438,2021-06-13,-0.0725,-0.0399,215.0,232.2893,0.018,343.286,14824.0,1018924.0,56.02
439,2021-06-14,-0.1372,-0.0605,214.0,227.4254,0.017,326.0,14716.0,996326.0,58.95
440,2021-06-15,0.0023,-0.0476,270.0,248.9285,0.017,328.0,14392.0,968100.0,58.94
441,2021-06-16,0.0283,-0.0313,264.0,256.1573,0.017,314.857,14229.0,936238.0,58.93
442,2021-06-17,-0.0452,0.0038,280.0,246.2428,0.017,300.0,13967.0,896619.0,58.92
443,2021-06-18,0.0368,0.0038,244.0,227.1878,0.018,310.571,13736.0,852159.0,58.91
444,2021-06-19,0.0,-0.04,162.0,215.2581,0.018,296.571,13550.0,806496.0,58.91
445,2021-06-20,-0.1847,-0.0624,184.0,213.1432,0.018,291.857,13336.0,789729.0,58.9
446,2021-06-21,-0.0847,-0.093,220.0,221.9104,0.018,301.857,13180.0,739246.0,58.9
447,2021-06-22,-0.0788,-0.106,271.0,246.5417,0.019,304.857,13203.0,707184.0,58.89
448,2021-06-23,-0.0898,-0.0925,271.0,248.6914,0.019,305.286,13120.0,677170.0,58.88
449,2021-06-24,-0.1215,-0.1041,281.0,239.0823,0.019,311.286,13155.0,649171.0,58.88
450,2021-06-25,-0.1253,-0.109,185.0,222.723,0.02,301.0,13092.0,626776.0,58.87
451,2021-06-26,-0.0911,-0.1271,181.0,205.509,0.02,299.714,13203.0,615974.0,58.86
452,2021-06-27,-0.1815,-0.123,202.0,197.3371,0.021,299.143,13372.0,614651.0,58.86
453,2021-06-28,-0.0868,-0.112,189.0,214.7214,0.021,284.857,13528.0,613532.0,58.85
454,2021-06-29,-0.0762,-0.1034,233.0,228.6262,0.022,282.714,13596.0,595293.0,58.85
455,2021-06-30,-0.0817,-0.0891,274.0,234.2503,0.024,270.429,13767.0,580420.0,58.84
456,2021-07-01,-0.1173,-0.0772,243.0,225.1141,0.025,262.143,13876.0,567712.0,58.84
457,2021-07-02,-0.0211,-0.1029,221.0,207.04,0.026,248.857,14294.0,546732.0,58.83
458,2021-07-03,-0.2108,-0.1021,142.0,176.58,0.027,237.714,14458.0,526389.0,58.83
459,2021-07-04,-0.0514,-0.0858,157.0,164.7153,0.028,232.714,14577.0,495267.0,58.83
460,2021-07-05,-0.0344,-0.1035,124.0,175.5896,0.029,227.286,14757.0,472658.0,58.82
461,2021-07-06,-0.1518,-0.1218,193.0,203.2213,0.031,223.857,14980.0,466244.0,58.82
462,2021-07-07,-0.266,-0.161,275.0,234.6197,0.033,227.571,15499.0,457380.0,58.81
463,2021-07-08,-0.1644,-0.2023,271.0,246.6158,0.035,223.0,16109.0,450962.0,46.77
464,2021-07-09,-0.2196,-0.1719,301.0,246.6772,0.037,226.857,16539.0,452508.0,46.77
465,2021-07-10,-0.026,-0.1564,172.0,234.0659,0.039,226.143,17226.0,458672.0,46.76
466,2021-07-11,-0.2347,-0.1661,210.0,236.8458,0.041,237.714,17910.0,482463.0,46.76
467,2021-07-12,-0.2044,-0.1922,224.0,250.5312,0.043,254.0,18721.0,500187.0,46.76
468,2021-07-13,-0.2883,-0.2344,298.0,288.3299,0.045,261.429,19729.0,492027.0,46.75
469,2021-07-14,-0.2035,-0.2676,354.0,319.5466,0.048,261.714,20339.0,486442.0,46.75
470,2021-07-15,-0.3865,-0.2921,353.0,317.5533,0.051,276.714,21142.0,482798.0,46.74
471,2021-07-16,-0.2886,-0.305,358.0,300.0485,0.054,275.429,22095.0,481486.0,46.74
472,2021-07-17,-0.3227,-0.3412,202.0,283.0515,0.056,274.571,23083.0,481366.0,46.74
473,2021-07-18,-0.3871,-0.3458,227.0,292.9805,0.058,270.857,24072.0,483813.0,46.73
474,2021-07-19,-0.3795,-0.3664,292.0,324.6547,0.061,265.571,25216.0,490389.0,46.73
475,2021-07-20,-0.3669,-0.3565,419.0,387.1384,0.064,256.0,26614.0,501105.0,46.73
476,2021-07-21,-0.2829,-0.3441,492.0,436.4872,0.068,261.0,28103.0,515212.0,46.72
477,2021-07-22,-0.358,-0.317,496.0,440.4199,0.071,251.286,29859.0,530576.0,46.72
478,2021-07-23,-0.2581,-0.3221,462.0,420.8126,0.074,265.286,31504.0,548243.0,46.71
479,2021-07-24,-0.3975,-0.3388,306.0,392.8501,0.077,274.429,33292.0,557309.0,46.71
480,2021-07-25,-0.3478,-0.3431,345.0,408.7977,0.079,275.429,35063.0,561002.0,46.71
481,2021-07-26,-0.3521,-0.3382,373.0,461.7291,0.083,282.857,36942.0,571865.0,46.7
482,2021-07-27,-0.2487,-0.3042,599.0,538.4208,0.086,306.857,39034.0,586066.0,46.7
483,2021-07-28,-0.2703,-0.2888,704.0,595.5191,0.09,309.714,41323.0,598905.0,46.7
484,2021-07-29,-0.3007,-0.2806,656.0,596.9824,0.093,314.0,43268.0,609286.0,46.69
485,2021-07-30,-0.2998,-0.2912,607.0,545.923,0.096,361.714,45866.0,622342.0,46.69
486,2021-07-31,-0.2891,-0.2944,383.0,486.3566,0.098,367.286,48326.0,629963.0,46.68
487,2021-08-01,-0.2883,-0.2966,374.0,466.8219,0.1,385.857,50362.0,640619.0,46.68
488,2021-08-02,-0.3138,-0.2914,436.0,499.531,0.101,399.143,52402.0,651728.0,46.68
489,2021-08-03,-0.2692,-0.288,578.0,587.7338,0.102,417.429,54983.0,660550.0,46.67
490,2021-08-04,-0.2787,-0.2792,751.0,657.178,0.103,440.714,57410.0,668843.0,46.67
491,2021-08-05,-0.2581,-0.2662,800.0,657.3373,0.103,470.286,60023.0,679218.0,46.66
492,2021-08-06,-0.2577,-0.2632,686.0,622.0865,0.103,505.571,62255.0,689625.0,46.66
493,2021-08-07,-0.2614,-0.2652,414.0,551.3373,0.103,518.571,64402.0,695731.0,46.66
494,2021-08-08,-0.2866,-0.2849,449.0,512.3147,0.103,504.714,66805.0,698180.0,46.65
495,2021-08-09,-0.3401,-0.2952,436.0,519.4799,0.104,529.286,69040.0,707252.0,46.65
496,2021-08-10,-0.2822,-0.3022,624.0,589.1956,0.105,564.714,71163.0,712760.0,49.42
497,2021-08-11,-0.2948,-0.2931,689.0,632.1698,0.105,601.714,73369.0,711644.0,49.41
498,2021-08-12,-0.2577,-0.2775,749.0,617.5493,0.106,674.0,75529.0,713360.0,49.41
499,2021-08-13,-0.2757,-0.2847,629.0,572.3282,0.105,663.571,77285.0,718911.0,52.05
500,2021-08-14,-0.321,-0.3012,349.0,513.7105,0.105,664.143,78839.0,728454.0,52.04
501,2021-08-15,-0.3521,-0.3169,440.0,481.9828,0.105,675.714,79722.0,735503.0,52.04
502,2021-08-16,-0.3079,-0.31,435.0,518.0126,0.105,750.714,80748.0,748122.0,53.78
503,2021-08-17,-0.2479,-0.288,600.0,596.9364,0.104,777.571,82017.0,765950.0,53.76
504,2021-08-18,-0.2497,-0.2673,786.0,638.6142,0.104,834.714,83154.0,792430.0,53.75
505,2021-08-19,-0.2742,-0.2519,718.0,626.18,0.103,942.429,83961.0,812718.0,53.73
506,2021-08-20,-0.2302,-0.2575,610.0,576.4439,0.103,1000.0,84653.0,835695.0,53.71
507,2021-08-21,-0.2791,-0.2627,368.0,508.3205,0.104,1043.429,85375.0,841724.0,53.69
508,2021-08-22,-0.2718,-0.2405,404.0,499.2871,0.104,1043.429,86340.0,840508.0,53.69
509,2021-08-23,-0.1612,-0.1978,477.0,542.6161,0.104,1085.714,86820.0,847580.0,53.67
510,2021-08-24,-0.0683,-0.1607,689.0,610.2108,0.103,1144.286,87107.0,851271.0,56.62
511,2021-08-25,-0.1677,-0.1553,790.0,658.2454,0.103,1194.571,87020.0,853076.0,56.61
512,2021-08-26,-0.2452,-0.1879,663.0,636.1968,0.102,1256.429,87286.0,859364.0,56.59
513,2021-08-27,-0.2597,-0.2507,633.0,579.5579,0.101,1296.143,87424.0,868300.0,56.58
514,2021-08-28,-0.3294,-0.298,372.0,500.7162,0.099,1307.0,87269.0,874783.0,56.57
515,2021-08-29,-0.3596,-0.3149,449.0,460.3826,0.098,1322.857,86862.0,880413.0,56.56
516,2021-08-30,-0.294,-0.3328,404.0,461.68,0.097,1376.571,86634.0,881970.0,56.55
517,2021-08-31,-0.3516,-0.3326,473.0,496.7105,0.097,1378.714,86478.0,879935.0,56.54
518,2021-09-01,-0.3307,-0.3199,625.0,516.397,0.095,1448.857,86814.0,876587.0,52.49
519,2021-09-02,-0.2913,-0.3165,532.0,502.3788,0.094,1562.286,86581.0,863015.0,52.48
520,2021-09-03,-0.2953,-0.3117,526.0,469.7039,0.094,1590.714,85836.0,844483.0,52.47
521,2021-09-04,-0.34,-0.3303,322.0,373.709,0.094,1591.0,85685.0,822764.0,52.47
522,2021-09-05,-0.4016,-0.334,345.0,330.8438,0.094,1605.286,85521.0,813571.0,52.47
523,2021-09-06,-0.2782,-0.3437,134.0,325.6462,0.093,1447.571,85139.0,705502.0,52.46
524,2021-09-07,-0.3571,-0.334,361.0,381.6298,0.094,1540.143,83639.0,701700.0,52.45
525,2021-09-08,-0.3081,-0.295,504.0,440.5641,0.093,1579.0,83015.0,687780.0,52.45
526,2021-09-09,-0.2153,-0.2853,592.0,470.8945,0.092,1609.857,82454.0,681190.0,52.44
527,2021-09-10,-0.2739,-0.2643,583.0,455.3512,0.09,1684.286,82184.0,680461.0,52.43
528,2021-09-11,-0.271,-0.2472,258.0,421.0569,0.089,1711.571,81287.0,686123.0,52.42
529,2021-09-12,-0.2143,-0.2575,319.0,397.15,0.088,1705.0,80339.0,684060.0,52.42
530,2021-09-13,-0.2795,-0.2679,383.0,400.7844,0.087,1926.286,79448.0,770755.0,52.41
531,2021-09-14,-0.3188,-0.2707,490.0,454.4922,0.084,1902.571,79204.0,748007.0,52.4
532,2021-09-15,-0.2543,-0.2745,557.0,491.2686,0.083,1962.0,77622.0,736330.0,52.4
533,2021-09-16,-0.2386,-0.2545,509.0,466.1796,0.081,1999.857,76225.0,723933.0,52.39
534,2021-09-17,-0.2109,-0.2275,498.0,432.765,0.08,1998.857,74764.0,705272.0,52.38
535,2021-09-18,-0.2077,-0.2277,244.0,384.2644,0.079,2022.286,73422.0,694163.0,52.37
536,2021-09-19,-0.2641,-0.2304,360.0,366.2977,0.078,2025.429,72066.0,688083.0,52.37
537,2021-09-20,-0.236,-0.2136,329.0,366.266,0.077,2046.857,70593.0,676142.0,52.36
538,2021-09-21,-0.1262,-0.2046,431.0,420.9937,0.075,2121.429,69232.0,665774.0,52.36
539,2021-09-22,-0.2054,-0.176,466.0,448.2425,0.073,2115.286,68007.0,651680.0,52.35
540,2021-09-23,-0.1421,-0.1706,525.0,443.246,0.071,2088.857,66414.0,639371.0,52.34
541,2021-09-24,-0.207,-0.1737,475.0,416.7872,0.07,2093.429,65038.0,650639.0,52.34
542,2021-09-25,-0.14,-0.1766,289.0,376.4965,0.069,2071.571,63577.0,671917.0,52.33
543,2021-09-26,-0.2192,-0.1718,318.0,351.0857,0.068,2098.286,62287.0,686115.0,52.33
544,2021-09-27,-0.1164,-0.1481,290.0,349.7991,0.067,2091.286,60982.0,733180.0,52.32
545,2021-09-28,-0.1057,-0.1388,414.0,383.6157,0.067,2100.857,59734.0,798047.0,52.32
546,2021-09-29,-0.1296,-0.124,447.0,402.8083,0.066,2093.571,58285.0,865751.0,52.31
547,2021-09-30,-0.1478,-0.127,447.0,389.5418,0.065,2024.857,56959.0,935670.0,52.31
548,2021-10-01,-0.1183,-0.1126,395.0,357.8466,0.064,1974.429,55838.0,985579.0,52.3
549,2021-10-02,-0.0432,-0.128,219.0,313.4769,0.064,1974.143,54719.0,979662.0,52.29
550,2021-10-03,-0.2294,-0.134,281.0,289.789,0.063,1967.286,53735.0,973594.0,52.29
551,2021-10-04,-0.1436,-0.1448,240.0,289.756,0.062,1920.286,52896.0,967461.0,52.29
552,2021-10-05,-0.1394,-0.1601,338.0,321.8046,0.061,1831.0,51911.0,950986.0,52.28
553,2021-10-06,-0.1386,-0.1345,376.0,340.7027,0.06,1833.571,51325.0,935689.0,52.28
554,2021-10-07,-0.1138,-0.1377,375.0,328.9275,0.059,1783.143,50749.0,916970.0,52.27
555,2021-10-08,-0.1655,-0.1378,360.0,302.8434,0.059,1736.286,50012.0,892234.0,52.26
556,2021-10-09,-0.1323,-0.1624,170.0,268.4288,0.058,1679.0,49558.0,878677.0,52.26
557,2021-10-10,-0.2456,-0.1763,230.0,257.2058,0.058,1672.0,49131.0,871223.0,52.26
558,2021-10-11,-0.1544,-0.1932,222.0,257.9225,0.058,1565.0,48605.0,852302.0,52.26
559,2021-10-12,-0.2368,-0.2064,333.0,296.3314,0.058,1622.571,47947.0,839729.0,52.25
560,2021-10-13,-0.1949,-0.1702,335.0,316.9997,0.057,1697.571,47118.0,822051.0,52.25
561,2021-10-14,-0.0688,-0.1342,359.0,309.416,0.056,1657.143,46285.0,804706.0,52.24
562,2021-10-15,-0.0378,-0.1155,321.0,283.2779,0.055,1659.571,45764.0,789794.0,52.24
563,2021-10-16,-0.1959,-0.1122,180.0,257.2123,0.054,1680.571,45118.0,783549.0,52.23
564,2021-10-17,-0.1437,-0.1348,217.0,252.9185,0.053,1678.571,44459.0,777103.0,52.23
565,2021-10-18,-0.1418,-0.1458,224.0,270.2583,0.052,1762.286,43837.0,774179.0,52.23
566,2021-10-19,-0.1036,-0.1172,350.0,310.4137,0.051,1715.286,43019.0,759052.0,52.22
567,2021-10-20,-0.0767,-0.0942,387.0,337.7234,0.05,1715.857,42169.0,748845.0,52.22
568,2021-10-21,-0.0569,-0.0662,366.0,328.8368,0.05,1691.143,41595.0,741372.0,52.22
569,2021-10-22,-0.0273,-0.0362,342.0,302.1588,0.05,1698.571,40788.0,787695.0,52.21
570,2021-10-23,0.0194,-0.0389,177.0,270.7973,0.05,1695.0,40087.0,835726.0,52.21
571,2021-10-24,-0.1107,-0.0382,240.0,262.8957,0.05,1666.571,39514.0,864722.0,52.21
572,2021-10-25,-0.03,-0.0295,245.0,275.9032,0.05,1623.857,39109.0,963969.0,52.2
573,2021-10-26,0.0267,-0.0242,335.0,315.0282,0.05,1572.429,38501.0,1070130.0,52.2
574,2021-10-27,0.0042,-0.0095,386.0,332.8528,0.05,1411.714,38116.0,1182457.0,52.19
575,2021-10-28,-0.0533,-0.0415,364.0,322.8535,0.05,1388.571,37563.0,1289718.0,52.19
576,2021-10-29,-0.1532,-0.0726,315.0,295.2091,0.05,1368.714,37212.0,1348059.0,52.19
577,2021-10-30,-0.0706,-0.0947,194.0,257.1369,0.05,1343.857,36950.0,1346760.0,52.18
578,2021-10-31,-0.0918,-0.0935,218.0,243.0647,0.05,1340.714,36672.0,1341812.0,52.18
579,2021-11-01,-0.0654,-0.0659,207.0,250.5539,0.05,1310.143,36142.0,1335511.0,52.18
580,2021-11-02,-0.0287,-0.0347,303.0,294.6132,0.051,1264.857,36058.0,1326734.0,52.17
581,2021-11-03,0.0542,0.0022,338.0,338.2235,0.051,1254.143,35888.0,1318876.0,52.17
582,2021-11-04,0.0428,0.0175,413.0,344.4294,0.052,1160.714,35756.0,1323713.0,52.17
583,2021-11-05,-0.0159,0.0116,423.0,326.8528,0.052,1216.286,35650.0,1342646.0,52.16
584,2021-11-06,-0.0358,-0.0243,215.0,303.695,0.053,1231.714,35539.0,1374478.0,52.16
585,2021-11-07,-0.0872,-0.0671,226.0,285.2429,0.053,1227.571,35717.0,1391741.0,52.16
586,2021-11-08,-0.1329,-0.0947,256.0,275.7114,0.053,1221.857,36204.0,1390019.0,49.96
587,2021-11-09,-0.114,-0.1104,339.0,297.6631,0.053,1245.0,36545.0,1410264.0,49.95
588,2021-11-10,-0.0999,-0.1328,345.0,311.4524,0.055,1203.286,36751.0,1440679.0,49.95
589,2021-11-11,-0.1992,-0.1396,311.0,295.4788,0.056,1160.286,37030.0,1434878.0,49.94
590,2021-11-12,-0.1397,-0.1628,293.0,274.6855,0.057,1207.429,37331.0,1445719.0,49.93
591,2021-11-13,-0.2087,-0.1747,177.0,249.1728,0.058,1220.571,37795.0,1465382.0,49.93
592,2021-11-14,-0.1515,-0.1943,254.0,244.8883,0.058,1220.714,38105.0,1468573.0,49.92
593,2021-11-15,-0.2855,-0.197,220.0,255.5994,0.059,1231.0,38431.0,1481217.0,49.92
594,2021-11-16,-0.1301,-0.167,295.0,282.4315,0.06,1212.429,39078.0,1487517.0,51.58
595,2021-11-17,-0.0776,-0.1484,334.0,296.0804,0.06,1208.286,39743.0,1485660.0,51.57
596,2021-11-18,-0.1257,-0.1102,308.0,290.7928,0.061,1270.714,40602.0,1513045.0,51.56
597,2021-11-19,-0.1124,-0.1178,312.0,274.2151,0.061,1173.143,41007.0,1525575.0,51.56
598,2021-11-20,-0.1547,-0.1414,189.0,248.9441,0.061,1155.429,41391.0,1533955.0,51.55
599,2021-11-21,-0.1772,-0.1778,228.0,239.8629,0.062,1158.0,41818.0,1543586.0,51.55
600,2021-11-22,-0.2734,-0.2086,215.0,240.4288,0.063,1153.0,42566.0,1581633.0,51.54
601,2021-11-23,-0.2193,-0.1992,272.0,236.1672,0.064,1158.286,43165.0,1596970.0,51.54
602,2021-11-24,-0.1001,-0.1842,301.0,235.7763,0.066,1162.571,43629.0,1543074.0,51.53
603,2021-11-25,-0.158,-0.2011,148.0,228.8522,0.069,1040.714,43698.0,1290017.0,51.53
604,2021-11-26,-0.3679,-0.237,236.0,216.7971,0.072,843.429,43394.0,1164884.0,51.53
605,2021-11-27,-0.3073,-0.2961,193.0,229.7691,0.074,823.714,44186.0,1115942.0,54.88
606,2021-11-28,-0.3277,-0.3141,218.0,291.0535,0.075,827.857,44801.0,1108049.0,54.87
607,2021-11-29,-0.2516,-0.2901,364.0,342.2951,0.076,923.286,45340.0,1086243.0,54.87
608,2021-11-30,-0.2742,-0.2662,467.0,407.9748,0.077,964.143,45901.0,1106181.0,48.71
609,2021-12-01,-0.2133,-0.2429,464.0,453.8222,0.078,1007.714,46673.0,1219771.0,48.69
610,2021-12-02,-0.2321,-0.2441,510.0,431.6965,0.076,1493.571,47527.0,1527592.0,48.68
611,2021-12-03,-0.269,-0.2257,449.0,392.1814,0.074,1668.286,49644.0,1706317.0,48.66
612,2021-12-04,-0.1743,-0.2503,240.0,350.1247,0.073,1720.0,50493.0,1791274.0,48.64
613,2021-12-05,-0.3422,-0.2616,290.0,315.3906,0.073,1739.286,51297.0,1811345.0,48.63
614,2021-12-06,-0.263,-0.2456,282.0,308.7897,0.073,1669.429,51847.0,1835201.0,48.62
615,2021-12-07,-0.1705,-0.2425,342.0,333.3659,0.072,1651.143,52788.0,1832617.0,48.61
616,2021-12-08,-0.2089,-0.2039,394.0,350.2504,0.071,1625.429,53647.0,1796686.0,48.6
617,2021-12-09,-0.181,-0.206,355.0,336.009,0.071,1292.0,54693.0,1761591.0,48.59
618,2021-12-10,-0.2697,-0.2333,368.0,320.2725,0.071,1312.143,55244.0,1713257.0,48.57
619,2021-12-11,-0.2782,-0.2543,200.0,296.3061,0.071,1301.429,55620.0,1680534.0,48.56
620,2021-12-12,-0.2771,-0.2765,288.0,306.0223,0.071,1295.429,56020.0,1666196.0,48.55
621,2021-12-13,-0.2804,-0.2801,283.0,347.6115,0.071,1290.429,55868.0,1635161.0,48.54
622,2021-12-14,-0.2854,-0.2773,419.0,404.6136,0.073,1290.429,55601.0,1607078.0,48.53
623,2021-12-15,-0.263,-0.2737,562.0,454.3203,0.076,1349.429,55442.0,1577301.0,48.52
624,2021-12-16,-0.2656,-0.2765,461.0,469.5403,0.08,1309.0,55277.0,1543349.0,48.52
625,2021-12-17,-0.299,-0.2938,525.0,448.8614,0.085,1324.857,55249.0,1518232.0,48.51
626,2021-12-18,-0.3542,-0.3248,356.0,410.1778,0.089,1332.714,55246.0,1498553.0,48.5
627,2021-12-19,-0.3795,-0.3416,336.0,431.771,0.092,1325.571,55367.0,1499769.0,48.5
628,2021-12-20,-0.3194,-0.3535,379.0,469.7225,0.099,1348.143,55960.0,1531674.0,48.49
629,2021-12-21,-0.3632,-0.3232,610.0,538.6177,0.11,1404.857,56671.0,1567979.0,48.48
630,2021-12-22,-0.2205,-0.2803,689.0,550.8848,0.122,1683.286,57800.0,1588441.0,48.47
631,2021-12-23,-0.2115,-0.2751,663.0,505.0383,0.135,1703.143,59277.0,1555245.0,48.47
632,2021-12-24,-0.3387,-0.2856,348.0,429.9784,0.147,1535.286,60610.0,1331260.0,48.46
633,2021-12-25,-0.3777,-0.3059,171.0,353.6979,0.156,1472.857,61860.0,1171513.0,48.46
634,2021-12-26,-0.2658,-0.3406,304.0,327.8873,0.164,1480.0,64092.0,1148435.0,48.46
635,2021-12-27,-0.3909,-0.3215,338.0,382.2317,0.18,1522.0,67582.0,1103079.0,51.23
636,2021-12-28,-0.2475,-0.3072,511.0,470.1506,0.202,1576.0,72636.0,1062871.0,51.22
637,2021-12-29,-0.3179,-0.3075,589.0,486.3603,0.224,1316.429,78792.0,1035792.0,51.21
638,2021-12-30,-0.2877,-0.3015,601.0,457.3417,0.246,1328.143,85215.0,1046283.0,51.21
639,2021-12-31,-0.3519,-0.327,342.0,417.937,0.26,1334.0,92322.0,1079703.0,47.7
640,2022-01-01,-0.3543,-0.3307,205.0,384.6361,0.267,1356.714,98909.0,1094712.0,47.69
641,2022-01-02,-0.316,-0.3321,377.0,390.7944,0.273,1361.857,105297.0,1097200.0,47.69
642,2022-01-03,-0.3044,-0.3234,452.0,469.6358,0.28,1370.0,111116.0,1056224.0,47.68
643,2022-01-04,-0.3262,-0.3178,604.0,559.2912,0.286,1375.571,116770.0,1016229.0,47.67
644,2022-01-05,-0.3259,-0.3317,707.0,625.8829,0.29,1355.857,122379.0,983722.0,47.66
645,2022-01-06,-0.3734,-0.3308,638.0,615.8265,0.292,1442.429,127757.0,972960.0,47.65
646,2022-01-07,-0.2869,-0.3262,710.0,562.4966,0.292,1686.286,132838.0,1120994.0,47.63
647,2022-01-08,-0.3164,-0.3371,381.0,495.8837,0.291,1753.286,138339.0,1255025.0,47.62
648,2022-01-09,-0.3921,-0.333,359.0,468.3302,0.29,1783.714,141770.0,1255051.0,47.62
649,2022-01-10,-0.3244,-0.3576,406.0,458.5305,0.289,1805.286,144561.0,1257552.0,47.61
650,2022-01-11,-0.3974,-0.3621,540.0,503.0675,0.287,1832.571,147336.0,1242274.0,47.6
651,2022-01-12,-0.3351,-0.3464,623.0,540.8591,0.284,1920.857,149726.0,1222475.0,47.59
652,2022-01-13,-0.3175,-0.3414,574.0,533.1582,0.28,1987.0,151332.0,1198353.0,47.58
653,2022-01-14,-0.3245,-0.3151,535.0,487.5275,0.276,2038.0,152939.0,1172884.0,47.57
654,2022-01-15,-0.28,-0.3166,367.0,406.9714,0.273,2057.714,153988.0,1135950.0,47.56
655,2022-01-16,-0.3527,-0.3251,333.0,358.4404,0.272,2078.143,153379.0,1120650.0,47.56
656,2022-01-17,-0.3483,-0.3075,226.0,347.3044,0.272,1932.714,151806.0,1058608.0,47.55
657,2022-01-18,-0.2244,-0.2681,360.0,362.0747,0.269,1963.714,151010.0,1014363.0,47.54
658,2022-01-19,-0.1367,-0.2241,481.0,385.6442,0.265,2053.714,149976.0,966590.0,45.76
659,2022-01-20,-0.2118,-0.1881,414.0,391.8642,0.262,2106.857,148722.0,915727.0,45.75
660,2022-01-21,-0.1874,-0.1851,423.0,365.5683,0.259,2191.571,146391.0,860460.0,45.74
661,2022-01-22,-0.1962,-0.22,254.0,323.761,0.256,2194.571,143631.0,836302.0,45.73
662,2022-01-23,-0.3009,-0.2439,253.0,317.3933,0.254,2190.857,141790.0,827822.0,45.73
663,2022-01-24,-0.2886,-0.2595,287.0,323.687,0.248,2353.714,140621.0,823799.0,45.72
664,2022-01-25,-0.2321,-0.2573,403.0,347.5213,0.241,2413.429,139162.0,795843.0,45.71
665,2022-01-26,-0.2059,-0.2266,429.0,356.2208,0.233,2468.857,136257.0,769026.0,45.7
666,2022-01-27,-0.1839,-0.2154,348.0,334.4548,0.223,2424.0,132859.0,747934.0,45.69
667,2022-01-28,-0.2514,-0.2185,289.0,298.2536,0.214,2524.714,129613.0,729720.0,45.67
668,2022-01-29,-0.2331,-0.2344,191.0,259.0611,0.208,2550.143,126717.0,708196.0,45.67
669,2022-01-30,-0.2649,-0.2428,247.0,255.4622,0.202,2514.143,123493.0,698670.0,45.66
670,2022-01-31,-0.2185,-0.2112,234.0,267.0556,0.195,2575.429,119864.0,674916.0,45.65
671,2022-02-01,-0.1112,-0.1923,334.0,285.1647,0.183,2604.286,115569.0,647899.0,45.64
672,2022-02-02,-0.1904,-0.1642,329.0,290.9336,0.171,2565.143,111229.0,616470.0,45.63
673,2022-02-03,-0.1444,-0.1314,271.0,275.2558,0.162,2545.714,107010.0,577952.0,45.62
674,2022-02-04,-0.0593,-0.1322,273.0,249.0005,0.152,2550.0,101810.0,535205.0,45.61
675,2022-02-05,-0.1522,-0.1267,161.0,225.5931,0.145,2509.714,97298.0,530790.0,45.6
676,2022-02-06,-0.1627,-0.1347,217.0,225.2831,0.14,2507.143,94038.0,523528.0,45.6
677,2022-02-07,-0.1517,-0.1447,215.0,238.7769,0.132,2547.571,90622.0,502528.0,45.59
678,2022-02-08,-0.1051,-0.1215,276.0,267.1554,0.122,2496.571,86370.0,486430.0,45.58
679,2022-02-09,-0.0625,-0.0829,328.0,278.9524,0.114,2460.429,82452.0,477720.0,45.57
680,2022-02-10,-0.0117,-0.0623,296.0,270.0146,0.106,2570.429,78756.0,476101.0,45.56
681,2022-02-11,-0.0842,-0.0435,265.0,242.9405,0.099,2367.286,75989.0,471492.0,45.55
682,2022-02-12,-0.0132,-0.0797,169.0,212.9933,0.094,2352.429,72921.0,458349.0,45.55
683,2022-02-13,-0.2276,-0.1095,155.0,203.1593,0.09,2369.0,69701.0,449609.0,45.55
684,2022-02-14,-0.1069,-0.1027,192.0,208.344,0.084,2410.857,66530.0,429142.0,45.54
685,2022-02-15,-0.0263,-0.0963,255.0,237.7825,0.078,2354.143,62775.0,414775.0,45.53
686,2022-02-16,-0.0412,-0.0505,276.0,258.357,0.072,2332.429,59319.0,400597.0,45.52
687,2022-02-17,-0.0374,-0.0451,308.0,251.7439,0.067,2289.857,56158.0,385739.0,45.52
688,2022-02-18,-0.0788,-0.0425,248.0,226.9424,0.063,2261.429,53010.0,371549.0,45.51
689,2022-02-19,-0.0039,-0.0299,154.0,195.8549,0.059,2242.429,49955.0,362267.0,45.5
690,2022-02-20,0.0071,-0.0459,142.0,175.4044,0.057,2222.857,47664.0,362459.0,45.5
691,2022-02-21,-0.1349,-0.0391,138.0,174.9788,0.056,1899.286,45713.0,358945.0,45.5
692,2022-02-22,-0.0104,-0.0302,214.0,189.4124,0.053,1837.429,43486.0,351304.0,45.49
693,2022-02-23,0.0415,-0.0246,235.0,198.6824,0.051,1824.0,41237.0,341112.0,45.48
694,2022-02-24,-0.0171,0.033,213.0,198.5341,0.049,1824.429,38921.0,329929.0,45.48
695,2022-02-25,0.1298,0.0785,179.0,179.7128,0.046,1764.857,36957.0,310868.0,45.47
696,2022-02-26,0.1722,0.0541,145.0,166.1887,0.045,1775.286,35235.0,305208.0,45.47
697,2022-02-27,-0.1234,0.0541,127.0,172.1447,0.043,1744.0,33776.0,300749.0,45.47
698,2022-02-28,0.0547,0.0472,177.0,186.5889,0.041,1919.143,32412.0,300468.0,37.17
699,2022-03-01,0.1319,0.0543,248.0,206.5338,0.038,1861.571,30848.0,290205.0,37.16
700,2022-03-02,0.1319,0.089,238.0,217.2795,0.035,1718.571,29349.0,278202.0,37.16
701,2022-03-03,0.0131,0.0798,232.0,204.431,0.033,1540.429,28064.0,267630.0,34.73
702,2022-03-04,0.0466,0.0703,178.0,179.4099,0.031,1491.286,26774.0,257012.0,34.72
703,2022-03-05,0.1127,0.0226,118.0,160.3415,0.03,1426.857,25653.0,248254.0,34.72
704,2022-03-06,-0.1145,-0.0073,133.0,154.0114,0.029,1425.0,24772.0,243367.0,34.71
705,2022-03-07,-0.0777,-0.0376,153.0,153.6944,0.028,1361.571,23932.0,228405.0,34.71
706,2022-03-08,-0.0376,-0.0603,200.0,164.7553,0.027,1311.714,22715.0,219441.0,34.71
707,2022-03-09,-0.0127,-0.0335,160.0,169.8779,0.025,1302.0,21491.0,212992.0,34.7
708,2022-03-10,-0.0106,-0.0236,172.0,157.535,0.025,1311.0,20456.0,207096.0,34.69
709,2022-03-11,-0.0402,-0.0244,161.0,142.3098,0.024,1299.571,19565.0,198584.0,34.69
710,2022-03-12,-0.0337,-0.0656,90.0,138.7864,0.023,1295.143,18768.0,192823.0,34.69
711,2022-03-13,-0.1943,-0.126,128.0,146.2912,0.022,1292.286,18015.0,190664.0,34.68
712,2022-03-14,-0.2424,-0.1592,153.0,153.0619,0.022,1237.143,17271.0,188502.0,34.68
713,2022-03-15,-0.1328,-0.1754,213.0,175.4395,0.022,1188.714,16725.0,187043.0,34.68
714,2022-03-16,-0.1253,-0.1511,175.0,179.9843,0.021,1163.714,16142.0,186168.0,38.4
715,2022-03-17,-0.1167,-0.1167,203.0,168.2086,0.021,1124.571,15547.0,183850.0,38.4
716,2022-03-18,-0.0897,-0.1076,147.0,150.4016,0.021,1004.0,14991.0,182955.0,38.39
717,2022-03-19,-0.1014,-0.1323,97.0,136.2465,0.021,1004.857,14404.0,183372.0,38.39
718,2022-03-20,-0.2423,-0.125,131.0,125.5448,0.021,989.857,14067.0,183594.0,38.39
719,2022-03-21,-0.0399,-0.1318,112.0,135.8424,0.022,985.857,13793.0,182619.0,38.38
720,2022-03-22,-0.1381,-0.136,147.0,145.881,0.022,942.143,13313.0,179423.0,38.38
721,2022-03-23,-0.1506,-0.0978,197.0,146.2857,0.022,912.429,12997.0,177311.0,38.37
722,2022-03-24,-0.0364,-0.1134,139.0,140.422,0.023,822.0,12628.0,176056.0,38.37
723,2022-03-25,-0.1401,-0.0958,125.0,127.7884,0.023,794.0,12300.0,173019.0,38.36
724,2022-03-26,-0.0605,-0.1184,87.0,109.0447,0.023,774.857,12192.0,169959.0,38.36
725,2022-03-27,-0.2469,-0.1752,97.0,107.5306,0.023,771.0,12043.0,168287.0,38.36
726,2022-03-28,-0.2655,-0.1898,102.0,119.8019,0.024,733.143,11848.0,165948.0,38.36
727,2022-03-29,-0.1485,-0.1893,134.0,134.0795,0.025,763.571,11574.0,167993.0,38.35
728,2022-03-30,-0.0863,-0.1387,185.0,142.2707,0.025,696.143,11230.0,197758.0,29.93
729,2022-03-31,-0.0663,-0.0951,149.0,140.3152,0.026,646.571,11026.0,250040.0,29.93
730,2022-04-01,-0.0901,-0.1008,131.0,132.3462,0.026,676.857,10828.0,310751.0,29.92
731,2022-04-02,-0.1734,-0.1276,94.0,119.8516,0.027,677.857,10563.0,342364.0,29.92
732,2022-04-03,-0.1782,-0.1636,107.0,115.8936,0.028,677.714,10357.0,363146.0,29.92
733,2022-04-04,-0.2058,-0.1644,125.0,119.6714,0.028,617.0,10355.0,418232.0,29.92
734,2022-04-05,-0.0845,-0.1727,127.0,126.8043,0.03,549.0,10289.0,469339.0,29.91
735,2022-04-06,-0.2381,-0.1841,145.0,137.243,0.031,543.143,10263.0,494432.0,29.91
736,2022-04-07,-0.221,-0.2095,127.0,129.6686,0.032,588.429,10296.0,498460.0,29.91
737,2022-04-08,-0.2829,-0.2465,164.0,133.6184,0.034,561.0,10377.0,500791.0,29.9
738,2022-04-09,-0.2408,-0.2333,77.0,130.3986,0.035,559.143,10343.0,499741.0,29.9
739,2022-04-10,-0.1722,-0.2143,159.0,133.2184,0.036,554.714,10470.0,497888.0,29.9
740,2022-04-11,-0.1659,-0.217,127.0,132.1477,0.037,517.714,10484.0,501014.0,29.89
741,2022-04-12,-0.3164,-0.2285,144.0,145.0055,0.04,529.429,10602.0,509485.0,29.89
742,2022-04-13,-0.2524,-0.2277,148.0,135.9957,0.043,516.857,10678.0,510106.0,29.88
743,2022-04-14,-0.144,-0.2374,150.0,125.2823,0.045,501.286,10753.0,510829.0,29.88
744,2022-04-15,-0.2593,-0.2153,104.0,117.1695,0.048,460.0,10885.0,495717.0,29.88
745,2022-04-16,-0.2131,-0.1766,74.0,110.6879,0.051,459.714,11016.0,484625.0,29.88
746,2022-04-17,-0.0561,-0.1917,115.0,121.6775,0.051,457.143,11059.0,465024.0,29.87
747,2022-04-18,-0.2706,-0.1818,120.0,146.4971,0.052,446.0,11265.0,455473.0,29.87
748,2022-04-19,-0.1977,-0.1801,206.0,164.9706,0.053,424.0,11454.0,445046.0,29.87
749,2022-04-20,-0.1653,-0.2091,219.0,167.2627,0.054,404.857,11785.0,438305.0,29.86
750,2022-04-21,-0.2187,-0.2079,153.0,153.7424,0.055,358.429,12067.0,426212.0,28.02
751,2022-04-22,-0.2593,-0.2343,121.0,125.3599,0.055,383.429,12343.0,415222.0,28.01
752,2022-04-23,-0.2915,-0.295,64.0,97.0915,0.055,370.714,12754.0,415326.0,28.01
753,2022-04-24,-0.4218,-0.3022,77.0,97.462,0.056,373.714,13086.0,425988.0,28.01
754,2022-04-25,-0.2053,-0.3198,78.0,105.6309,0.058,375.0,13385.0,413755.0,28.01
755,2022-04-26,-0.3643,-0.3074,162.0,115.7399,0.06,357.857,13790.0,401593.0,28.0
756,2022-04-27,-0.251,-0.243,149.0,124.3783,0.062,343.286,14268.0,393074.0,28.0
757,2022-04-28,-0.1147,-0.2075,102.0,118.778,0.065,344.857,14634.0,389514.0,28.0
758,2022-04-29,-0.114,-0.163,122.0,,0.067,330.143,14952.0,392386.0,27.99
759,2022-04-30,-0.2,,57.0,,0.068,338.857,15322.0,389643.0,27.99
